-- phpMyAdmin SQL Dump
-- version 4.4.12
-- http://www.phpmyadmin.net
--
-- Host: 127.0.0.1
-- Generation Time: Nov 14, 2016 at 10:25 PM
-- Server version: 5.6.25
-- PHP Version: 5.6.11

SET SQL_MODE = "NO_AUTO_VALUE_ON_ZERO";
SET time_zone = "+00:00";


/*!40101 SET @OLD_CHARACTER_SET_CLIENT=@@CHARACTER_SET_CLIENT */;
/*!40101 SET @OLD_CHARACTER_SET_RESULTS=@@CHARACTER_SET_RESULTS */;
/*!40101 SET @OLD_COLLATION_CONNECTION=@@COLLATION_CONNECTION */;
/*!40101 SET NAMES utf8mb4 */;

--
-- Database: `codewell_laundry`
--

-- --------------------------------------------------------

--
-- Table structure for table `codewell_area`
--

CREATE TABLE IF NOT EXISTS `codewell_area` (
  `idAREA` int(11) NOT NULL,
  `idREGION` int(11) NOT NULL,
  `nameAREA` varchar(40) NOT NULL,
  `createdateAREA` timestamp NOT NULL DEFAULT CURRENT_TIMESTAMP ON UPDATE CURRENT_TIMESTAMP,
  `statusAREA` int(1) NOT NULL
) ENGINE=InnoDB AUTO_INCREMENT=3 DEFAULT CHARSET=latin1;

--
-- Dumping data for table `codewell_area`
--

INSERT INTO `codewell_area` (`idAREA`, `idREGION`, `nameAREA`, `createdateAREA`, `statusAREA`) VALUES
(1, 1, 'Tiban', '2016-07-19 15:02:34', 1),
(2, 1, 'Tanjung Uncang', '2016-07-28 06:30:42', 1);

-- --------------------------------------------------------

--
-- Table structure for table `codewell_aroma`
--

CREATE TABLE IF NOT EXISTS `codewell_aroma` (
  `idAROMA` int(11) NOT NULL,
  `nameAROMA` varchar(50) NOT NULL,
  `createdateAROMA` timestamp NOT NULL DEFAULT CURRENT_TIMESTAMP ON UPDATE CURRENT_TIMESTAMP,
  `statusAROMA` int(1) NOT NULL
) ENGINE=InnoDB AUTO_INCREMENT=5 DEFAULT CHARSET=latin1;

--
-- Dumping data for table `codewell_aroma`
--

INSERT INTO `codewell_aroma` (`idAROMA`, `nameAROMA`, `createdateAROMA`, `statusAROMA`) VALUES
(1, 'Romance', '2016-08-05 15:08:55', 1),
(2, 'Mystique', '2016-08-05 15:09:19', 1),
(3, 'Fusion', '2016-08-05 15:09:34', 1),
(4, 'Passion', '2016-08-05 15:09:46', 1);

-- --------------------------------------------------------

--
-- Table structure for table `codewell_ci_sessions`
--

CREATE TABLE IF NOT EXISTS `codewell_ci_sessions` (
  `id` varchar(40) NOT NULL DEFAULT '0',
  `ip_address` varchar(45) NOT NULL DEFAULT '0',
  `timestamp` int(10) unsigned NOT NULL DEFAULT '0',
  `data` blob NOT NULL
) ENGINE=MyISAM DEFAULT CHARSET=utf8;

--
-- Dumping data for table `codewell_ci_sessions`
--

INSERT INTO `codewell_ci_sessions` (`id`, `ip_address`, `timestamp`, `data`) VALUES
('254ebc8611bac135ef4c178f7c22e8c3e31578b1', '::1', 1479136789, 0x5f5f63695f6c6173745f726567656e65726174657c693a313437393133363636333b4e616d657c733a31333a22416e6468616e61205574616d61223b456d61696c7c733a32303a226d616769637761726d7340676d61696c2e636f6d223b6964435553544f4d45527c733a313a2231223b6c6f676765645f696e7c623a313b),
('cfd0715a5923a681d35d79df98b3f0ff0e8b7cb4', '::1', 1479136463, 0x5f5f63695f6c6173745f726567656e65726174657c693a313437393133363236333b4e616d657c733a31333a22416e6468616e61205574616d61223b456d61696c7c733a32303a226d616769637761726d7340676d61696c2e636f6d223b6964435553544f4d45527c733a313a2231223b6c6f676765645f696e7c623a313b),
('9572d1f6e63437c34480796b6a5868cad0a1fb82', '::1', 1479136223, 0x5f5f63695f6c6173745f726567656e65726174657c693a313437393133353934343b4e616d657c733a31333a22416e6468616e61205574616d61223b456d61696c7c733a32303a226d616769637761726d7340676d61696c2e636f6d223b6964435553544f4d45527c733a313a2231223b6c6f676765645f696e7c623a313b),
('edea5ae97da5ebc370b7c51e4e834787ad6e6298', '::1', 1479135761, 0x5f5f63695f6c6173745f726567656e65726174657c693a313437393133353436363b4e616d657c733a31333a22416e6468616e61205574616d61223b456d61696c7c733a32303a226d616769637761726d7340676d61696c2e636f6d223b6964435553544f4d45527c733a313a2231223b6c6f676765645f696e7c623a313b6d6573736167657c613a313a7b733a343a2274657874223b733a33353a2248616c6c6f2c2053656c616d617420646174616e6720416e6468616e61205574616d61223b7d5f5f63695f766172737c613a313a7b733a373a226d657373616765223b733a333a226f6c64223b7d),
('e16a76fa9ca94598070b782050950d107f3fbd19', '::1', 1478530769, 0x5f5f63695f6c6173745f726567656e65726174657c693a313437383533303030323b4e616d657c733a393a224c61756e6472792033223b456d61696c7c733a31373a226c61756e64727933406d61696c2e636f6d223b6964555345527c733a313a2233223b726f6c65555345527c693a32363b6c6f676765645f696e7c623a313b),
('64f18e7b996d8f1195fa9ce7e92df2b6c975dc68', '::1', 1478530000, 0x5f5f63695f6c6173745f726567656e65726174657c693a313437383532393637383b4e616d657c733a393a224c61756e6472792033223b456d61696c7c733a31373a226c61756e64727933406d61696c2e636f6d223b6964555345527c733a313a2233223b726f6c65555345527c693a32363b6c6f676765645f696e7c623a313b),
('75d33a09deecad7a8b587534564e5ca1008602ab', '::1', 1478527496, 0x5f5f63695f6c6173745f726567656e65726174657c693a313437383532343936373b456d61696c7c733a31373a22626f7340692d6c61756e6472792e636f6d223b6964555345527c733a313a2231223b726f6c65555345527c693a32323b6c6f676765645f696e7c623a313b),
('2f685eab11e2cf7664a83a544743a6625fe0d5eb', '::1', 1478525965, 0x5f5f63695f6c6173745f726567656e65726174657c693a313437383532353239383b4e616d657c733a393a224c61756e6472792033223b456d61696c7c733a31373a226c61756e64727933406d61696c2e636f6d223b6964555345527c733a313a2233223b726f6c65555345527c693a32363b6c6f676765645f696e7c623a313b),
('e5c36e355e581c68916b1ca363326403d0b5addc', '::1', 1478526317, 0x5f5f63695f6c6173745f726567656e65726174657c693a313437383532353936363b4e616d657c733a393a224c61756e6472792033223b456d61696c7c733a31373a226c61756e64727933406d61696c2e636f6d223b6964555345527c733a313a2233223b726f6c65555345527c693a32363b6c6f676765645f696e7c623a313b),
('2784809b22c26eee148a5fe5a1d727e86211d2e0', '::1', 1478528007, 0x5f5f63695f6c6173745f726567656e65726174657c693a313437383532363331393b4e616d657c733a393a224c61756e6472792033223b456d61696c7c733a31373a226c61756e64727933406d61696c2e636f6d223b6964555345527c733a313a2233223b726f6c65555345527c693a32363b6c6f676765645f696e7c623a313b),
('9ec2295b62eb10c07d3b078136c5bc49d25967e8', '::1', 1478529306, 0x5f5f63695f6c6173745f726567656e65726174657c693a313437383532383930383b4e616d657c733a393a224c61756e6472792033223b456d61696c7c733a31373a226c61756e64727933406d61696c2e636f6d223b6964555345527c733a313a2233223b726f6c65555345527c693a32363b6c6f676765645f696e7c623a313b),
('a7575696757b606bffe834f0caf6f57629508614', '::1', 1478529678, 0x5f5f63695f6c6173745f726567656e65726174657c693a313437383532393330383b4e616d657c733a393a224c61756e6472792033223b456d61696c7c733a31373a226c61756e64727933406d61696c2e636f6d223b6964555345527c733a313a2233223b726f6c65555345527c693a32363b6c6f676765645f696e7c623a313b),
('62a934d2e7de6541ad819e37767eb33f0527e1dc', '::1', 1478524963, 0x5f5f63695f6c6173745f726567656e65726174657c693a313437383532343036303b456d61696c7c733a31373a22626f7340692d6c61756e6472792e636f6d223b6964555345527c733a313a2231223b726f6c65555345527c693a32323b6c6f676765645f696e7c623a313b),
('e63358799769defd59457936d456766d79a50f2f', '::1', 1478525275, 0x5f5f63695f6c6173745f726567656e65726174657c693a313437383532333932383b4e616d657c733a393a224c61756e6472792031223b456d61696c7c733a31373a226c61756e64727931406d61696c2e636f6d223b6964555345527c733a313a2231223b726f6c65555345527c693a32363b6c6f676765645f696e7c623a313b),
('377311844a2c782a0bffe468eff38d702d88f11c', '::1', 1478531763, 0x5f5f63695f6c6173745f726567656e65726174657c693a313437383533313736333b),
('6ed21043c65175aa48ad2cb8157a71beaa3db971', '::1', 1478921959, 0x5f5f63695f6c6173745f726567656e65726174657c693a313437383932313935393b),
('74daafbb7bb4dd8c1cf8b8c9bfc1feee1b55d21a', '::1', 1479123077, 0x5f5f63695f6c6173745f726567656e65726174657c693a313437393132333036333b),
('4a7c1f42b4e5f96fbfee4290fb43429d9a1650e5', '::1', 1479124638, 0x5f5f63695f6c6173745f726567656e65726174657c693a313437393132343633383b),
('8f30c319ffe11901b97b8f8da390541fec616ffa', '::1', 1479126389, 0x5f5f63695f6c6173745f726567656e65726174657c693a313437393132363338393b),
('abdcc2eb1789d735d64353ff2c7d8cfc42b30186', '::1', 1479126924, 0x5f5f63695f6c6173745f726567656e65726174657c693a313437393132363931303b6d6573736167657c613a313a7b733a343a2274657874223b733a35363a224d6161662c206b616d7520646968617275736b616e20756e74756b206d6173756b2f6c6f67696e207465726c6562696820646168756c752e223b7d5f5f63695f766172737c613a313a7b733a373a226d657373616765223b733a333a226f6c64223b7d),
('b67cea432aae561ec6ac8d071653fd638c12700f', '::1', 1479127449, 0x5f5f63695f6c6173745f726567656e65726174657c693a313437393132373430323b),
('0a04785525408a27a12c66c5629a24f7789f5fa6', '::1', 1479128658, 0x5f5f63695f6c6173745f726567656e65726174657c693a313437393132383538343b),
('34fbfe8d881d26b34154ebbb9b030ed81c3c7b17', '::1', 1479129215, 0x5f5f63695f6c6173745f726567656e65726174657c693a313437393132393139393b),
('364a5675784235f63eb4d6767061b949bedd8618', '::1', 1479131260, 0x5f5f63695f6c6173745f726567656e65726174657c693a313437393133313137333b),
('4faf77073cbfd3c849bf289abb206a73aa89ed31', '::1', 1478531070, 0x5f5f63695f6c6173745f726567656e65726174657c693a313437383533303736393b4e616d657c733a393a224c61756e6472792033223b456d61696c7c733a31373a226c61756e64727933406d61696c2e636f6d223b6964555345527c733a313a2233223b726f6c65555345527c693a32363b6c6f676765645f696e7c623a313b),
('b9c4cb954a978333388f9ca48faffc2ff9c65144', '::1', 1478531476, 0x5f5f63695f6c6173745f726567656e65726174657c693a313437383533313037313b4e616d657c733a393a224c61756e6472792033223b456d61696c7c733a31373a226c61756e64727933406d61696c2e636f6d223b6964555345527c733a313a2233223b726f6c65555345527c693a32363b6c6f676765645f696e7c623a313b),
('e7d484ae280a91bc515f10e5d9a6084d22a840cb', '::1', 1479133207, 0x5f5f63695f6c6173745f726567656e65726174657c693a313437393133323935393b),
('d35231e1f031a182058aa2ce5c926e82c90f67a7', '::1', 1479133400, 0x5f5f63695f6c6173745f726567656e65726174657c693a313437393133333334363b),
('f6af39d6a8ad44c62614fb9a33f30c11e15d236d', '::1', 1479133986, 0x5f5f63695f6c6173745f726567656e65726174657c693a313437393133333637393b),
('b9aaf8a404fecd7367a85a3f3439a26299b947a8', '::1', 1479134301, 0x5f5f63695f6c6173745f726567656e65726174657c693a313437393133343030313b),
('2b40a8cb279576cc48ea75708112b56375941bb9', '::1', 1479134463, 0x5f5f63695f6c6173745f726567656e65726174657c693a313437393133343331333b),
('9434a83e914e3815202b71e88661942f69d4d560', '::1', 1479134968, 0x5f5f63695f6c6173745f726567656e65726174657c693a313437393133343637343b),
('c41544d63c0b9e94639a6f43c0af017880486dbd', '::1', 1479135019, 0x5f5f63695f6c6173745f726567656e65726174657c693a313437393133343938313b6d6573736167657c613a313a7b733a343a2274657874223b733a36393a224d6161662c206d756e676b696e20616461204b6573616c6168616e206b6f6e656b73692c206d6f686f6e20756c616e67692062656265726170612073616174206c6167692e223b7d5f5f63695f766172737c613a313a7b733a373a226d657373616765223b733a333a226f6c64223b7d),
('fbcc910f83cc09137520a42184f01ae704c0be33', '::1', 1478528906, 0x5f5f63695f6c6173745f726567656e65726174657c693a313437383532383538323b4e616d657c733a393a224c61756e6472792033223b456d61696c7c733a31373a226c61756e64727933406d61696c2e636f6d223b6964555345527c733a313a2233223b726f6c65555345527c693a32363b6c6f676765645f696e7c623a313b),
('4323ce56651c14eb7d39e38514af52cab329614f', '::1', 1478528340, 0x5f5f63695f6c6173745f726567656e65726174657c693a313437383532373439373b456d61696c7c733a31373a22626f7340692d6c61756e6472792e636f6d223b6964555345527c733a313a2231223b726f6c65555345527c693a32323b6c6f676765645f696e7c623a313b),
('46faf3dd80c8eb5a11b3a1c7b9cb4d4f495e64ca', '::1', 1478528574, 0x5f5f63695f6c6173745f726567656e65726174657c693a313437383532383433393b4e616d657c733a393a224c61756e6472792033223b456d61696c7c733a31373a226c61756e64727933406d61696c2e636f6d223b6964555345527c733a313a2233223b726f6c65555345527c693a32363b6c6f676765645f696e7c623a313b),
('76ccb79dc71769fd07dd055885c1dee992cfe5ed', '::1', 1478528434, 0x5f5f63695f6c6173745f726567656e65726174657c693a313437383532383030383b4e616d657c733a393a224c61756e6472792033223b456d61696c7c733a31373a226c61756e64727933406d61696c2e636f6d223b6964555345527c733a313a2233223b726f6c65555345527c693a32363b6c6f676765645f696e7c623a313b);

-- --------------------------------------------------------

--
-- Table structure for table `codewell_customers`
--

CREATE TABLE IF NOT EXISTS `codewell_customers` (
  `idCUSTOMER` int(11) NOT NULL,
  `nameCUSTOMER` varchar(50) NOT NULL,
  `emailCUSTOMER` varchar(50) NOT NULL,
  `passwordCUSTOMER` varchar(150) NOT NULL,
  `addressCUSTOMER` varchar(255) NOT NULL,
  `telephoneCUSTOMER` bigint(15) NOT NULL,
  `mobileCUSTOMER` bigint(15) NOT NULL,
  `genderCUSTOMER` int(1) NOT NULL,
  `subscribeCUSTOMER` int(1) NOT NULL,
  `createdateCUSTOMER` timestamp NOT NULL DEFAULT CURRENT_TIMESTAMP,
  `updatedateCUSTOMER` timestamp NOT NULL DEFAULT '0000-00-00 00:00:00' ON UPDATE CURRENT_TIMESTAMP,
  `statusCUSTOMER` int(1) NOT NULL
) ENGINE=InnoDB AUTO_INCREMENT=2 DEFAULT CHARSET=latin1;

--
-- Dumping data for table `codewell_customers`
--

INSERT INTO `codewell_customers` (`idCUSTOMER`, `nameCUSTOMER`, `emailCUSTOMER`, `passwordCUSTOMER`, `addressCUSTOMER`, `telephoneCUSTOMER`, `mobileCUSTOMER`, `genderCUSTOMER`, `subscribeCUSTOMER`, `createdateCUSTOMER`, `updatedateCUSTOMER`, `statusCUSTOMER`) VALUES
(1, 'Andhana Utama', 'magicwarms@gmail.com', '9512b05257f074d479c23257de948f34ba8a1ffb58737a79c2b97a23389cd58486452ad79d561de9bd5ec1cdfb589ba233f3c38a61c3ec57b2e1d27ce87d6097', 'Tiban Koperasi way', 8566688840, 8566688840, 0, 0, '2016-11-14 14:59:16', '2016-11-14 15:17:52', 1);

-- --------------------------------------------------------

--
-- Table structure for table `codewell_orders`
--

CREATE TABLE IF NOT EXISTS `codewell_orders` (
  `idORDER` int(11) NOT NULL,
  `idPARTNER` int(4) NOT NULL,
  `idCUSTOMER` int(4) NOT NULL,
  `idAROMA` int(4) NOT NULL,
  `idSERVICES` int(4) NOT NULL,
  `idPACKAGE` int(4) NOT NULL,
  `idPAYMENT` int(4) NOT NULL,
  `kodeORDER` varchar(40) NOT NULL,
  `pickuptimeORDER` datetime NOT NULL,
  `pickupfinishedtimeORDER` datetime NOT NULL,
  `pickupADDRESSORDERKOTOR` text NOT NULL,
  `pickupADDRESSORDERBERSIH` text NOT NULL,
  `notesORDER` text NOT NULL,
  `rejectedmessagesORDER` text NOT NULL,
  `beratORDER` varchar(30) NOT NULL,
  `priceORDER` decimal(50,0) NOT NULL,
  `createdateORDER` timestamp NOT NULL DEFAULT '0000-00-00 00:00:00',
  `updatedateORDER` timestamp NOT NULL DEFAULT '0000-00-00 00:00:00' ON UPDATE CURRENT_TIMESTAMP,
  `statusORDER` int(1) NOT NULL DEFAULT '1' COMMENT '1=>Dalam proses\r\n2=>Baju dicuci\r\n3=>Tunggu pembayaran\r\n4=>Selesai Order',
  `isreadORDER` int(1) NOT NULL DEFAULT '0' COMMENT '0 => belum baca \r\n1 => udah baca'
) ENGINE=InnoDB AUTO_INCREMENT=5 DEFAULT CHARSET=latin1;

--
-- Dumping data for table `codewell_orders`
--

INSERT INTO `codewell_orders` (`idORDER`, `idPARTNER`, `idCUSTOMER`, `idAROMA`, `idSERVICES`, `idPACKAGE`, `idPAYMENT`, `kodeORDER`, `pickuptimeORDER`, `pickupfinishedtimeORDER`, `pickupADDRESSORDERKOTOR`, `pickupADDRESSORDERBERSIH`, `notesORDER`, `rejectedmessagesORDER`, `beratORDER`, `priceORDER`, `createdateORDER`, `updatedateORDER`, `statusORDER`, `isreadORDER`) VALUES
(1, 1, 1, 1, 1, 1, 2, 'IL201610131', '2016-07-25 20:33:08', '2016-11-07 08:03:00', 'Tiban Koperasi Blok T No. 34', 'Tiban Kampung Blok S5 No. 70', 'cepat ya ah!', '', '4.5 KG', '50000', '2016-11-04 14:59:34', '2016-11-07 13:10:25', 4, 1),
(2, 3, 1, 1, 2, 2, 2, 'IL201610132', '2016-07-26 20:33:08', '2016-11-07 08:48:00', 'Tiban Koperasi Blok V No. 6 Simpang 3 Belok Kanan', 'Tiban Koperasi Blok S No. 12 Samping kantor pos', 'cepat ya ah!', '', '1 KG', '50000', '2016-10-13 11:02:33', '2016-11-07 13:49:12', 1, 1),
(3, 0, 1, 1, 1, 2, 2, 'IL201610133', '2016-07-26 20:33:08', '2016-07-27 20:33:18', 'Tiban Koperasi Blok V No. 6 Simpang 3 Belok Kanan', 'Tiban Koperasi Blok S No. 12 Samping kantor pos', 'cepat ya ah!', '', '', '50000', '2016-10-13 11:02:33', '2016-11-07 12:42:00', 1, 0),
(4, 0, 1, 1, 2, 2, 2, 'IL201610134', '2016-07-26 20:33:08', '2016-07-27 20:33:18', 'Tiban Koperasi Blok V No. 6 Simpang 3 Belok Kanan', 'Tiban Koperasi Blok S No. 12 Samping kantor pos', 'cepat ya ah!', '', '', '50000', '2016-10-13 11:02:33', '2016-11-07 12:40:40', 1, 0);

-- --------------------------------------------------------

--
-- Table structure for table `codewell_packages`
--

CREATE TABLE IF NOT EXISTS `codewell_packages` (
  `idPACKAGE` int(11) NOT NULL,
  `namePACKAGE` varchar(50) NOT NULL,
  `descriptionPACKAGE` text NOT NULL,
  `createdatePACKAGE` timestamp NOT NULL DEFAULT CURRENT_TIMESTAMP ON UPDATE CURRENT_TIMESTAMP,
  `statusPACKAGE` int(1) NOT NULL
) ENGINE=InnoDB AUTO_INCREMENT=5 DEFAULT CHARSET=latin1;

--
-- Dumping data for table `codewell_packages`
--

INSERT INTO `codewell_packages` (`idPACKAGE`, `namePACKAGE`, `descriptionPACKAGE`, `createdatePACKAGE`, `statusPACKAGE`) VALUES
(1, 'Umum / Regular', '<ul>\r\n<li>Paket Reguler merupakan paket standar.</li>\r\n<li>Selesai dalam waktu 5 (lima) hari</li>\r\n</ul>', '2016-10-13 12:34:30', 1),
(2, 'Premium', '<ul>\r\n<li>Paket Premium menggunakan deterjen dan pewangi kelas premium (Rinso dan Downy).</li>\r\n<li>Selesai dalam waktu 5 (lima) hari</li>\r\n</ul>', '2016-10-13 12:35:21', 1),
(3, 'Express (5 jam selesai)', '<ul>\r\n<li>Paket Express merupakan paket standard.</li>\r\n<li>Selesai dalam waktu 1 (satu) hari</li>\r\n</ul>', '2016-10-13 12:35:57', 1),
(4, 'Express Premium (5 jam selesai)', '<ul>\r\n<li>Paket Express Premium menggunakan deterjen dan pewangi kelas premium (Rinso dan Downy).</li>\r\n<li>Selesai dalam waktu 1 (satu) hari</li>\r\n</ul>', '2016-10-13 12:41:03', 1);

-- --------------------------------------------------------

--
-- Table structure for table `codewell_partner`
--

CREATE TABLE IF NOT EXISTS `codewell_partner` (
  `idPARTNER` int(11) NOT NULL,
  `namePARTNER` varchar(60) NOT NULL,
  `emailPARTNER` varchar(60) NOT NULL,
  `passwordPARTNER` varchar(150) NOT NULL,
  `telephonePARTNER` bigint(20) NOT NULL,
  `addressPARTNER` varchar(255) NOT NULL,
  `idREGION` int(4) NOT NULL,
  `statusPARTNER` int(1) NOT NULL,
  `ondutyPARTNER` int(1) NOT NULL DEFAULT '0' COMMENT '0 =>not on duty\r\n1 =>on duty',
  `createdatePARTNER` timestamp NOT NULL DEFAULT CURRENT_TIMESTAMP,
  `updatedatePARTNER` timestamp NOT NULL DEFAULT '0000-00-00 00:00:00' ON UPDATE CURRENT_TIMESTAMP
) ENGINE=InnoDB AUTO_INCREMENT=5 DEFAULT CHARSET=latin1;

--
-- Dumping data for table `codewell_partner`
--

INSERT INTO `codewell_partner` (`idPARTNER`, `namePARTNER`, `emailPARTNER`, `passwordPARTNER`, `telephonePARTNER`, `addressPARTNER`, `idREGION`, `statusPARTNER`, `ondutyPARTNER`, `createdatePARTNER`, `updatedatePARTNER`) VALUES
(1, 'Laundry 1', 'laundry1@mail.com', '9512b05257f074d479c23257de948f34ba8a1ffb58737a79c2b97a23389cd58486452ad79d561de9bd5ec1cdfb589ba233f3c38a61c3ec57b2e1d27ce87d6097', 81268018644, 'Tiban Koperasi Blok T No. 34', 1, 1, 0, '2016-10-31 14:37:24', '2016-11-04 13:10:15'),
(2, 'Laundry 2', 'laundry2@mail.com', '9512b05257f074d479c23257de948f34ba8a1ffb58737a79c2b97a23389cd58486452ad79d561de9bd5ec1cdfb589ba233f3c38a61c3ec57b2e1d27ce87d6097', 81268018644, 'Tiban Koperasi Blok T No. 35', 2, 1, 0, '2016-10-31 14:37:24', '2016-11-02 13:45:42'),
(3, 'Laundry 3', 'laundry3@mail.com', '9512b05257f074d479c23257de948f34ba8a1ffb58737a79c2b97a23389cd58486452ad79d561de9bd5ec1cdfb589ba233f3c38a61c3ec57b2e1d27ce87d6097', 81268018644, 'Tiban Koperasi Blok T No. 36', 1, 1, 0, '2016-10-31 14:37:24', '2016-11-07 13:28:32'),
(4, 'Laundry 4', 'laundry4@mail.com', '9512b05257f074d479c23257de948f34ba8a1ffb58737a79c2b97a23389cd58486452ad79d561de9bd5ec1cdfb589ba233f3c38a61c3ec57b2e1d27ce87d6097', 81268018644, 'Tiban Koperasi Blok T No. 37', 2, 1, 0, '2016-10-31 14:37:24', '2016-11-02 13:45:46');

-- --------------------------------------------------------

--
-- Table structure for table `codewell_payment`
--

CREATE TABLE IF NOT EXISTS `codewell_payment` (
  `idPAYMENT` int(11) NOT NULL,
  `namePAYMENT` varchar(50) NOT NULL,
  `descriptionPAYMENT` text NOT NULL,
  `createdatePAYMENT` timestamp NOT NULL DEFAULT CURRENT_TIMESTAMP ON UPDATE CURRENT_TIMESTAMP,
  `statusPAYMENT` int(1) NOT NULL
) ENGINE=InnoDB AUTO_INCREMENT=3 DEFAULT CHARSET=latin1;

--
-- Dumping data for table `codewell_payment`
--

INSERT INTO `codewell_payment` (`idPAYMENT`, `namePAYMENT`, `descriptionPAYMENT`, `createdatePAYMENT`, `statusPAYMENT`) VALUES
(1, 'BANK MANDIRI', '<p><span style="font-size: 10pt;">No. Rekening : 1234678910 </span></p>\r\n<p><span style="font-size: 10pt;">Imam Bonjol, Nagoya - Batam, Kepulauan Riau</span></p>\r\n<p><span style="font-size: 10pt;">An. Andhana Utama</span></p>', '2016-10-13 12:52:08', 1),
(2, 'COD (Cash on Delivery)', '<p>COD (Cash on Delivery)</p>', '2016-08-02 09:57:48', 1);

-- --------------------------------------------------------

--
-- Table structure for table `codewell_regions`
--

CREATE TABLE IF NOT EXISTS `codewell_regions` (
  `idREGION` int(11) NOT NULL,
  `nameREGION` varchar(50) NOT NULL,
  `createdateREGION` timestamp NOT NULL DEFAULT CURRENT_TIMESTAMP ON UPDATE CURRENT_TIMESTAMP,
  `statusREGION` int(1) NOT NULL
) ENGINE=InnoDB AUTO_INCREMENT=3 DEFAULT CHARSET=latin1;

--
-- Dumping data for table `codewell_regions`
--

INSERT INTO `codewell_regions` (`idREGION`, `nameREGION`, `createdateREGION`, `statusREGION`) VALUES
(1, 'Tiban', '2016-10-31 13:16:39', 1),
(2, 'Tanjung Piayu', '2016-10-31 13:16:53', 1);

-- --------------------------------------------------------

--
-- Table structure for table `codewell_services`
--

CREATE TABLE IF NOT EXISTS `codewell_services` (
  `idSERVICES` int(11) NOT NULL,
  `nameSERVICES` varchar(100) NOT NULL,
  `pricesSERVICES` int(12) NOT NULL,
  `createdateSERVICES` timestamp NOT NULL DEFAULT CURRENT_TIMESTAMP ON UPDATE CURRENT_TIMESTAMP,
  `statusSERVICES` int(1) NOT NULL
) ENGINE=InnoDB AUTO_INCREMENT=3 DEFAULT CHARSET=latin1;

--
-- Dumping data for table `codewell_services`
--

INSERT INTO `codewell_services` (`idSERVICES`, `nameSERVICES`, `pricesSERVICES`, `createdateSERVICES`, `statusSERVICES`) VALUES
(1, 'Cuci Saja', 2000, '2016-10-13 11:56:21', 1),
(2, 'Cuci Gosok', 5000, '2016-07-19 15:07:13', 1);

-- --------------------------------------------------------

--
-- Table structure for table `codewell_users`
--

CREATE TABLE IF NOT EXISTS `codewell_users` (
  `idUSER` int(11) NOT NULL,
  `emailUSER` varchar(50) NOT NULL,
  `passwordUSER` varchar(150) NOT NULL,
  `roleUSER` int(1) NOT NULL COMMENT '22 => Administrator, 24 =>Karyawan Biasa',
  `createdateUSER` timestamp NOT NULL DEFAULT CURRENT_TIMESTAMP ON UPDATE CURRENT_TIMESTAMP,
  `statusUSER` int(1) NOT NULL COMMENT '0=>full access, 12=>administrator, 22=>karyawan'
) ENGINE=InnoDB AUTO_INCREMENT=3 DEFAULT CHARSET=latin1;

--
-- Dumping data for table `codewell_users`
--

INSERT INTO `codewell_users` (`idUSER`, `emailUSER`, `passwordUSER`, `roleUSER`, `createdateUSER`, `statusUSER`) VALUES
(1, 'bos@i-laundry.com', '9512b05257f074d479c23257de948f34ba8a1ffb58737a79c2b97a23389cd58486452ad79d561de9bd5ec1cdfb589ba233f3c38a61c3ec57b2e1d27ce87d6097', 22, '2016-11-04 13:15:01', 1),
(2, 'karyawan@i-laundry.com', '9512b05257f074d479c23257de948f34ba8a1ffb58737a79c2b97a23389cd58486452ad79d561de9bd5ec1cdfb589ba233f3c38a61c3ec57b2e1d27ce87d6097', 24, '2016-07-25 12:34:15', 1);

--
-- Indexes for dumped tables
--

--
-- Indexes for table `codewell_area`
--
ALTER TABLE `codewell_area`
  ADD PRIMARY KEY (`idAREA`);

--
-- Indexes for table `codewell_aroma`
--
ALTER TABLE `codewell_aroma`
  ADD PRIMARY KEY (`idAROMA`);

--
-- Indexes for table `codewell_ci_sessions`
--
ALTER TABLE `codewell_ci_sessions`
  ADD PRIMARY KEY (`id`),
  ADD KEY `ci_sessions_timestamp` (`timestamp`);

--
-- Indexes for table `codewell_customers`
--
ALTER TABLE `codewell_customers`
  ADD PRIMARY KEY (`idCUSTOMER`);

--
-- Indexes for table `codewell_orders`
--
ALTER TABLE `codewell_orders`
  ADD PRIMARY KEY (`idORDER`);

--
-- Indexes for table `codewell_packages`
--
ALTER TABLE `codewell_packages`
  ADD PRIMARY KEY (`idPACKAGE`);

--
-- Indexes for table `codewell_partner`
--
ALTER TABLE `codewell_partner`
  ADD PRIMARY KEY (`idPARTNER`);

--
-- Indexes for table `codewell_payment`
--
ALTER TABLE `codewell_payment`
  ADD PRIMARY KEY (`idPAYMENT`);

--
-- Indexes for table `codewell_regions`
--
ALTER TABLE `codewell_regions`
  ADD PRIMARY KEY (`idREGION`);

--
-- Indexes for table `codewell_services`
--
ALTER TABLE `codewell_services`
  ADD PRIMARY KEY (`idSERVICES`);

--
-- Indexes for table `codewell_users`
--
ALTER TABLE `codewell_users`
  ADD PRIMARY KEY (`idUSER`);

--
-- AUTO_INCREMENT for dumped tables
--

--
-- AUTO_INCREMENT for table `codewell_area`
--
ALTER TABLE `codewell_area`
  MODIFY `idAREA` int(11) NOT NULL AUTO_INCREMENT,AUTO_INCREMENT=3;
--
-- AUTO_INCREMENT for table `codewell_aroma`
--
ALTER TABLE `codewell_aroma`
  MODIFY `idAROMA` int(11) NOT NULL AUTO_INCREMENT,AUTO_INCREMENT=5;
--
-- AUTO_INCREMENT for table `codewell_customers`
--
ALTER TABLE `codewell_customers`
  MODIFY `idCUSTOMER` int(11) NOT NULL AUTO_INCREMENT,AUTO_INCREMENT=2;
--
-- AUTO_INCREMENT for table `codewell_orders`
--
ALTER TABLE `codewell_orders`
  MODIFY `idORDER` int(11) NOT NULL AUTO_INCREMENT,AUTO_INCREMENT=5;
--
-- AUTO_INCREMENT for table `codewell_packages`
--
ALTER TABLE `codewell_packages`
  MODIFY `idPACKAGE` int(11) NOT NULL AUTO_INCREMENT,AUTO_INCREMENT=5;
--
-- AUTO_INCREMENT for table `codewell_partner`
--
ALTER TABLE `codewell_partner`
  MODIFY `idPARTNER` int(11) NOT NULL AUTO_INCREMENT,AUTO_INCREMENT=5;
--
-- AUTO_INCREMENT for table `codewell_payment`
--
ALTER TABLE `codewell_payment`
  MODIFY `idPAYMENT` int(11) NOT NULL AUTO_INCREMENT,AUTO_INCREMENT=3;
--
-- AUTO_INCREMENT for table `codewell_regions`
--
ALTER TABLE `codewell_regions`
  MODIFY `idREGION` int(11) NOT NULL AUTO_INCREMENT,AUTO_INCREMENT=3;
--
-- AUTO_INCREMENT for table `codewell_services`
--
ALTER TABLE `codewell_services`
  MODIFY `idSERVICES` int(11) NOT NULL AUTO_INCREMENT,AUTO_INCREMENT=3;
--
-- AUTO_INCREMENT for table `codewell_users`
--
ALTER TABLE `codewell_users`
  MODIFY `idUSER` int(11) NOT NULL AUTO_INCREMENT,AUTO_INCREMENT=3;
/*!40101 SET CHARACTER_SET_CLIENT=@OLD_CHARACTER_SET_CLIENT */;
/*!40101 SET CHARACTER_SET_RESULTS=@OLD_CHARACTER_SET_RESULTS */;
/*!40101 SET COLLATION_CONNECTION=@OLD_COLLATION_CONNECTION */;
